tarih,gun,ogun,yemekler,kalem_sayisi,kaynak
2025-11-02,Pazar,Kahvaltı,Patates Kızartması | Haşlanmış Yumurta | Beyaz Peynir | Siyah/ Yeşil Zeytin | Mevsim Sebzeleri Söğüş,5,https://www.kykyemeklistesi.com.tr/Ankara-yemek-listesi
2025-11-02,Pazar,Akşam,Tarhana Çorba / Etli Düğün Çorbası | Etsiz Nohut Yemeği / Bezelye Yemeği | Tereyağlı pirinç pilavı | Cevizli Baklava / Kadayıf,4,https://www.kykyemeklistesi.com.tr/Ankara-yemek-listesi
2025-11-03,Pazartesi,Kahvaltı,Sucuklu Yumurta | Kakaolu Kek | Yöresel Peynir | Siyah/ Yeşil Zeytin | Bal+Tereyağ,5,https://www.kykyemeklistesi.com.tr/Ankara-yemek-listesi
2025-11-03,Pazartesi,Akşam,Ezogelin Çorba / Havuç Çorba | Tavuk Külbastı+Patates Püresi | Ispanak Yemeği | Peynirli Makarna | Kısır,5,https://www.kykyemeklistesi.com.tr/Ankara-yemek-listesi
2025-11-04,Salı,Kahvaltı,Karışık Kızartma | Haşlanmış Yumurta | Beyaz Peynir | Siyah/ Yeşil Zeytin | Reçel Çeşitleri,5,https://www.kykyemeklistesi.com.tr/Ankara-yemek-listesi
2025-11-04,Salı,Akşam,Domates Çorba / Toyga Çorba | Sebzeli Köfte / Taze Fasulye Yemeği | Şehriyeli Bulgur Pilavı | Trileçe,4,https://www.kykyemeklistesi.com.tr/Ankara-yemek-listesi
2025-11-05,Çarşamba,Kahvaltı,Peynirli Omlet | Simit | Kaşar Peynir | Siyah/ Yeşil Zeytin | Çeri Domates+SaIataIık,5,https://www.kykyemeklistesi.com.tr/Ankara-yemek-listesi
2025-11-05,Çarşamba,Akşam,Mercimek Çorba / Yüksük Çorba | Balık Çeşitleri+Fırın Sebze / Karışık | Dolma+Yoğurt | İrmik Helvası | Yeşil Salata,5,https://www.kykyemeklistesi.com.tr/Ankara-yemek-listesi
2025-11-06,Perşembe,Kahvaltı,Sosis Kızartması | Haşlanmış Yumurta | Beyaz Peynir | Siyah/ Yeşil Zeytin | Sürülebilir Çikolata,5,https://www.kykyemeklistesi.com.tr/Ankara-yemek-listesi
2025-11-06,Perşembe,Akşam,Tarhana Çorba / Yayla Çorba | Izgara Köfte+Patates Kızartması | Karnabahar Pane+Yoğurt | Spagetti Napoliten | Babagannuş,5,https://www.kykyemeklistesi.com.tr/Ankara-yemek-listesi
2025-11-07,Cuma,Kahvaltı,Sucuklu Yumurta | Çikolatalı Milföy Börek | Kaşar Peynir | Siyah/ Yeşil Zeytin | Çeri Domateş+SaIataIık,5,https://www.kykyemeklistesi.com.tr/Ankara-yemek-listesi
2025-11-07,Cuma,Akşam,Domates Çorba / Terbiyeli Tavuk Çorba | Etsiz Kuru Fasulye / Mevsim Türlü | Şehriyeli Pirinç Pilavı | Revani | Turşu,5,https://www.kykyemeklistesi.com.tr/Ankara-yemek-listesi
2025-11-08,Cumartesi,Kahvaltı,Pişi | Haşlanmış Yumurta | Beyaz Peynir | Siyah/ Yeşil Zeytin | Muz,5,https://www.kykyemeklistesi.com.tr/Ankara-yemek-listesi
2025-11-08,Cumartesi,Akşam,Ezogelin Çorba / Köz Biber Çorba | Tas Kebabı / Mantar Sote | Salçalı Bulgur Pilavı | Mevsim Salata,4,https://www.kykyemeklistesi.com.tr/Ankara-yemek-listesi
2025-11-09,Pazar,Kahvaltı,Kaşarlı Omlet | Dere Otlu Poğaça | Labne Peynir | Siyah/ Yeşil Zeytin | Tahinli Pekmez,5,https://www.kykyemeklistesi.com.tr/Ankara-yemek-listesi
2025-11-09,Pazar,Akşam,Mercimek Çorba / Tutmaç Çorba | Tavuk ŞinitzeI+Rus Salatası / Pırasa Yemeği | Salçalı Makarna | Çikolatalı Yaş Pasta,4,https://www.kykyemeklistesi.com.tr/Ankara-yemek-listesi
2025-11-10,Pazartesi,Kahvaltı,Zeytinli Açma | Haşlanmış Yumurta | Beyaz Peynir | Siyah/ Yeşil Zeytin | Reçel Çeşitleri,5,https://www.kykyemeklistesi.com.tr/Ankara-yemek-listesi
2025-11-10,Pazartesi,Akşam,Tarhana Çorba / Brokoli Çorba | Karnıyarık / Nohut Yemeği | Tereyağlı pirinç pilavı | Kuru Cacık,4,https://www.kykyemeklistesi.com.tr/Ankara-yemek-listesi
2025-11-11,Salı,Kahvaltı,Patatesli Yumurta | Sade Açma | Kaşar Peynir | Siyah/ Yeşil Zeytin | Çeri Domates+SaIataIık,5,https://www.kykyemeklistesi.com.tr/Ankara-yemek-listesi
2025-11-11,Salı,Akşam,Şehriye Çorba / Yoğurtlu Yarma Çorba | Tavuk Şiş+Elma Dilim Patates / Bezelye Yemeği | Salçalı Bulgur Pilavı | Mısırlı Havuçlu Aysberg Salata,4,https://www.kykyemeklistesi.com.tr/Ankara-yemek-listesi
2025-11-12,Çarşamba,Kahvaltı,Peynirli Sigara Böreği | Haşlanmış Yumurta | Krem Peynir | Siyah/ Yeşil Zeytin | Helva,5,https://www.kykyemeklistesi.com.tr/Ankara-yemek-listesi
2025-11-12,Çarşamba,Akşam,"Ezogelin Çorba / Kremalı Mantar Çorba | Hamburger(80-100 Gr Hamburger | Ekmeği İçerisinde Domates, Marul, | Kornişon Turşu İle) / Mücver | Domates Soslu Penne Makarna | Ayran",6,https://www.kykyemeklistesi.com.tr/Ankara-yemek-listesi
2025-11-13,Perşembe,Kahvaltı,Sucuklu Yumurta | Simit | Labne Peynir | Siyah/ Yeşil Zeytin | Mandalina,5,https://www.kykyemeklistesi.com.tr/Ankara-yemek-listesi
2025-11-13,Perşembe,Akşam,Domates Çorba / Toyga Çorba | Tavuk Fajita+Patates Kızartması / Taze | Fasulye Yemeği | Şehriyeli Pirinç Pilavı | Tulumba,5,https://www.kykyemeklistesi.com.tr/Ankara-yemek-listesi
2025-11-14,Cuma,Kahvaltı,Patates Kızartması | Haşlanmış Yumurta | Kaşar Peynir | Siyah/ Yeşil Zeytin | Sürülebilir Çikolata,5,https://www.kykyemeklistesi.com.tr/Ankara-yemek-listesi
2025-11-14,Cuma,Akşam,Mercimek Çorba / Yayla Çorba | Püreli Kebap / Soslu Karışık Kızartma | Tereyağlı Erişte | Havuç Tarator,4,https://www.kykyemeklistesi.com.tr/Ankara-yemek-listesi
2025-11-15,Cumartesi,Kahvaltı,Peynirli Omlet | Patates Kroket | Beyaz Peynir | Siyah/ Yeşil Zeytin | Çeri Domates+SaIataIık,5,https://www.kykyemeklistesi.com.tr/Ankara-yemek-listesi
2025-11-15,Cumartesi,Akşam,Tarhana Çorba / Tutmaç Çorba | Tavuk Tantuni+Lavaş+Sumaklı Soğan | Salatası / Kaşarlı Ispanak Graten | Salçalı Makarna | Yoğurt,5,https://www.kykyemeklistesi.com.tr/Ankara-yemek-listesi
2025-11-16,Pazar,Kahvaltı,Karışık Pizza | Haşlanmış Yumurta | Labne Peynir | Siyah/ Yeşil Zeytin | Bal+Tereyağ,5,https://www.kykyemeklistesi.com.tr/Ankara-yemek-listesi
2025-11-16,Pazar,Akşam,Şehriye Çorba / Etli Düğün Çorbası | Etsiz Kuru Fasulye / Patates Yemeği | Tereyağlı pirinç pilavı | Cevizli Baklava / Kadayıf,4,https://www.kykyemeklistesi.com.tr/Ankara-yemek-listesi
2025-11-17,Pazartesi,Kahvaltı,Kaşarlı Omlet | Mozaik Kek | Beyaz Peynir | Siyah/ Yeşil Zeytin | Tahinli Pekmez,5,https://www.kykyemeklistesi.com.tr/Ankara-yemek-listesi
2025-11-17,Pazartesi,Akşam,"Ezogelin Çorba / Köz Biber Çorba | Çıtır Tavuk+Patates Salatası / Tereyağlı | Kaşarlı Tepsi Kumpir(Mısır, Bezelye, | Zeytin, Kornişon Turşu) | Yoğurtlu Soslu Mantı | Çiğ Köfte+MaruI",6,https://www.kykyemeklistesi.com.tr/Ankara-yemek-listesi
2025-11-18,Salı,Kahvaltı,Sosis Kızartması | Haşlanmış Yumurta | Kaşar Peyniri | Siyah/ Yeşil Zeytin | Çeri Domateş+SaIataIık,5,https://www.kykyemeklistesi.com.tr/Ankara-yemek-listesi
2025-11-18,Salı,Akşam,Mercimek Çorba / Yayla Çorba | Hünkar Beğendi / Mantar Sote | Garnitürlü Arpa Şehriye Pilavı | Çikolatalı Puding,4,https://www.kykyemeklistesi.com.tr/Ankara-yemek-listesi
2025-11-19,Çarşamba,Kahvaltı,Menemen | Simit | Beyaz Peynir | Siyah/ Yeşil Zeytin | Reçel Çeşitleri,5,https://www.kykyemeklistesi.com.tr/Ankara-yemek-listesi
2025-11-19,Çarşamba,Akşam,Domates Çorba / Toyga Çorba | Tavuk Sote+Küp Patates / Bamya Yemeği | Şehriyeli Pirinç Pilavı | Karışık Salata,4,https://www.kykyemeklistesi.com.tr/Ankara-yemek-listesi
2025-11-20,Perşembe,Kahvaltı,Peynirli Sigara Böreği | Haşlanmış Yumurta | Kaşar Peyniri | Siyah/ Yeşil Zeytin | Çeri Domateş+SaIataIık,5,https://www.kykyemeklistesi.com.tr/Ankara-yemek-listesi
2025-11-20,Perşembe,Akşam,Tarhana Çorba / Mısır Çorba | İzmir Köfte / Mevsim Türlü | Salçalı Bulgur Pilavı | Pembe Sultan,4,https://www.kykyemeklistesi.com.tr/Ankara-yemek-listesi
2025-11-21,Cuma,Kahvaltı,Sucuklu Yumurta | Çikolatalı Milföy Börek | Beyaz Peynir | Siyah/ Yeşil Zeytin | Bal+Tereyağ,5,https://www.kykyemeklistesi.com.tr/Ankara-yemek-listesi
2025-11-21,Cuma,Akşam,Ezogelin Çorba / Yoğurtlu Yarma Çorba | Kremalı Mantarlı Tavuk / Karnabahar | Pane+Yoğurt | Spagetti Napoliten | Hira Tatlısı,5,https://www.kykyemeklistesi.com.tr/Ankara-yemek-listesi
2025-11-22,Cumartesi,Kahvaltı,Pişi | Haşlanmış Yumurta | Kaşar Peynir | Siyah/ Yeşil Zeytin | Çeri Domates+SaIataIık,5,https://www.kykyemeklistesi.com.tr/Ankara-yemek-listesi
2025-11-22,Cumartesi,Akşam,Şehriye Çorba / Etli Düğün Çorbası | Etsiz Nohut Tava / Taze Fasulye Yemeği | Tereyağlı pirinç pilavı | Mevsim Salata | Yoğurt,5,https://www.kykyemeklistesi.com.tr/Ankara-yemek-listesi
2025-11-23,Pazar,Kahvaltı,Peynirli Omlet | Dere Otlu Poğaça | Beyaz Peynir | Siyah/ Yeşil Zeytin | Sürülebilir Çikolata,5,https://www.kykyemeklistesi.com.tr/Ankara-yemek-listesi
2025-11-23,Pazar,Akşam,Mercimek Çorba / Kremalı Sebze Çorba | Adana Kebap+Lavaş+SumakIı Soğan | Salatası / Halep Dolma+Yoğurt | Tereyağlı Erişte | Ezme,5,https://www.kykyemeklistesi.com.tr/Ankara-yemek-listesi
2025-11-24,Pazartesi,Kahvaltı,Peynirli Su Böreği | Haşlanmış Yumurta | Kaşar Peyniri | Siyah/ Yeşil Zeytin | Çeri Domates+SaIataIık,5,https://www.kykyemeklistesi.com.tr/Ankara-yemek-listesi
2025-11-24,Pazartesi,Akşam,Tarhana Çorba / Havuç Çorba | Tavuk Izgara+Patates Kızartması | Barbunya Yemeği | Şehriyeli Pirinç Pilavı | Islak Kek,5,https://www.kykyemeklistesi.com.tr/Ankara-yemek-listesi
2025-11-25,Salı,Kahvaltı,Sucuklu Yumurta | Sade Açma | Beyaz Peynir | Siyah/ Yeşil Zeytin | Helva,5,https://www.kykyemeklistesi.com.tr/Ankara-yemek-listesi
2025-11-25,Salı,Akşam,Ezogelin Çorba / Brokoli Çorba | Terbiyeli Sulu Köfte / Karışık Kızartma+ | Yoğurt | Fırın Makarna | Muz,5,https://www.kykyemeklistesi.com.tr/Ankara-yemek-listesi
2025-11-26,Çarşamba,Kahvaltı,Karışık Kızartma | Haşlanmış Yumurta | Krem Peynir | Siyah/ Yeşil Zeytin | Sürülebilir Çikolata,5,https://www.kykyemeklistesi.com.tr/Ankara-yemek-listesi
2025-11-26,Çarşamba,Akşam,Domates Çorba / Terbiyeli Anadolu Çorba | Macar Gulaş / Bezelye Yemeği | Şehriyeli Bulgur Pilavı | Havuç Tarator,4,https://www.kykyemeklistesi.com.tr/Ankara-yemek-listesi
2025-11-28,Cuma,Kahvaltı,Menemen | Simit | Beyaz Peynir | Siyah/ Yeşil Zeytin | Reçel Çeşitleri,5,https://www.kykyemeklistesi.com.tr/Ankara-yemek-listesi
2025-11-28,Cuma,Akşam,Tarhan Çorba / Tutmaç Çorba | Izgara Köfte+Fırın Sebze / Taze Fasulye Yemeği | Tereyağlı pirinç pilavı | Cacık,4,https://www.kykyemeklistesi.com.tr/Ankara-yemek-listesi
2025-11-29,Cumartesi,Kahvaltı,Peynirli Omlet | Çikolatalı Milföy Börek | Kaşar Peynir | Siyah/ Yeşil Zeytin | Çeri Domates+SaIataIık,5,https://www.kykyemeklistesi.com.tr/Ankara-yemek-listesi
2025-11-29,Cumartesi,Akşam,Ezogelin Çorba / Kremalı Mantar Çorba | Püre Yatağında Tavuk Kavurma / Lahana | Sarma | Salçalı Makarna | Mısırlı Havuçlu Aysberg Salata,5,https://www.kykyemeklistesi.com.tr/Ankara-yemek-listesi
2025-11-30,Pazar,Kahvaltı,Patates Kızartması | Haşlanmış Yumurta | Beyaz Peynir | Siyah/ Yeşil Zeytin | Tahinli Pekmez,5,https://www.kykyemeklistesi.com.tr/Ankara-yemek-listesi
2025-11-30,Pazar,Akşam,Domates Çorba / Etli Düğün Çorbası | Etsiz Kuru Fasulye / Patates Yemeği | Şehriyeli Pirinç Pilavı | Şekerpare | Turşu,5,https://www.kykyemeklistesi.com.tr/Ankara-yemek-listesi
2025-12-01,Pazartesi,Kahvaltı,Kaşarlı Omlet | Kakaolu Kek | Beyaz Peynir | Siyah/ Yeşil Zeytin | Reçel Çeşitleri,5,https://kykyemek.com/
2025-12-01,Pazartesi,Akşam,Mercimek Çorba / Toyga Çorba | Tavuklu Kağıt Kebabı / Mevsim Türlü | Salçalı Bulgur Pilavı | Cacık,4,https://kykyemek.com/
2025-12-02,Salı,Kahvaltı,Zeytinli / Peynirli Açma | Haşlanmış Yumurta | Yöresel Peynir | Siyah/ Yeşil Zeytin | Bal+Tereyağ,5,https://kykyemek.com/
2025-12-02,Salı,Akşam,Tarhana Çorba / Brokoli Çorba | Kadınbudu Köfte+Patates Salatası / Ispanak Kavurma+Yoğurt | Spagetti Napoliten | Supangle,4,https://kykyemek.com/
2025-12-03,Çarşamba,Kahvaltı,Sucuklu Yumurta | Peynirli Poğaça | Labne Peynir | Siyah/ Yeşil Zeytin | Elma,5,https://kykyemek.com/
2025-12-03,Çarşamba,Akşam,Mercimek Çorba / Yüksük Çorba | Balık Çeşitleri+Fırın Sebze / Karışık Dolma+Yoğurt | İrmik Helvası | Yeşil Salata,4,https://kykyemek.com/
2025-12-04,Perşembe,Kahvaltı,Patates Kızartması | Haşlanmış Yumurta | Kaşar Peyniri | Siyah/ Yeşil Zeytin | Mevsim Sebzeleri Söğüş,5,https://kykyemek.com/
2025-12-04,Perşembe,Akşam,Şehriye Çorba / Yoğurtlu Yarma Çorba | Terbiyeli Et Haşlama Yemeği / Taze Fasulye Yemeği | Tereyağlı pirinç pilavı | Pembe Sultan,4,https://kykyemek.com/
2025-12-05,Cuma,Kahvaltı,Menemen | Simit | Beyaz Peynir | Siyah/ Yeşil Zeytin | Tahinli Pekmez,5,https://kykyemek.com/
2025-12-05,Cuma,Akşam,Ezogelin Çorba / Köz Biber Çorba | Tavuk Şinitzel+Rus Salatası / Pırasa Yemeği | Salçalı Makarna | Portakal,4,https://kykyemek.com/
2025-12-06,Cumartesi,Kahvaltı,Pişi | Haşlanmış Yumurta | Kaşar Peyniri | Siyah/ Yeşil Zeytin | Sürülebilir Çikolata,5,https://kykyemek.com/
2025-12-06,Cumartesi,Akşam,Domates Çorba / Etli Düğün Çorbası | Etsiz Nohut Yemeği / İmambayıldı | Şehriyeli Pirinç Pilavı | Cevizli Baklava / Kadayıf,4,https://kykyemek.com/
2025-12-07,Pazar,Kahvaltı,Peynirli Omlet | Çikolatalı Milföy Börek | Yöresel Peynir | Siyah/ Yeşil Zeytin | Mevsim Sebzeleri Söğüş,5,https://kykyemek.com/
2025-12-07,Pazar,Akşam,Mercimek Çorba / Mısır Çorba | Köri Soslu Tavuk+Elma Dilim Patates / Karnabahar Pane+Yoğurt | Tereyağlı Erişte | Havuç Tarator,4,https://kykyemek.com/
2025-12-08,Pazartesi,Kahvaltı,Patates Kızartması | Haşlanmış Yumurta | Beyaz Peynir | Siyah/ Yeşil Zeytin | Tahinli Pekmez,5,https://kykyemek.com/
2025-12-08,Pazartesi,Akşam,Tarhana Çorba / Yayla Çorba | Tas Kebabı / Mantar Sote | Şehriyeli Bulgur Pilavı | Haşhaşlı Revani,4,https://kykyemek.com/
2025-12-09,Salı,Kahvaltı,Sade Omlet | Dere Otlu Poğaça | Kaşar Peyniri | Siyah/ Yeşil Zeytin | Mevsim Sebzeleri Söğüş,5,https://kykyemek.com/
2025-12-09,Salı,Akşam,Ezogelin Çorba / Tutmaç Çorba | Tavuk Külbastı+Patates Püresi / Karışık Kızartma+Yoğurt | Domates Soslu Penne Makarna | Havuçlu Aysberg Salata,4,https://kykyemek.com/
2025-12-10,Çarşamba,Kahvaltı,Karışık Pizza | Haşlanmış Yumurta | Beyaz Peynir | Siyah/ Yeşil Zeytin | Reçel Çeşitleri,5,https://kykyemek.com/
2025-12-10,Çarşamba,Akşam,Mercimek Çorba / Havuç Çorba | Izgara Köfte+Köz Sebze / Bezelye Yemeği | Tereyağlı pirinç pilavı | Tahinli Cevizli Kabak Tatlısı,4,https://kykyemek.com/
2025-12-11,Perşembe,Kahvaltı,Patatesli Yumurta | Simit | Krem Peynir | Siyah/ Yeşil Zeytin | Sürülebilir Çikolata,5,https://kykyemek.com/
2025-12-11,Perşembe,Akşam,Domates Çorba / Kremalı Mantar Çorba | Çıtır Tavuk+Patates Kızartması+Soğan Halkası / Kaşarlı Ispanak Graten | Salçalı Makarna | Mercimek Köftesi+Marul,4,https://kykyemek.com/
2025-12-12,Cuma,Kahvaltı,Peynirli Börek | Haşlanmış Yumurta | Yöresel Peynir | Siyah/ Yeşil Zeytin | Helva,5,https://kykyemek.com/
2025-12-12,Cuma,Akşam,Tarhana Çorba / Etli Düğün Çorbası | Etsiz Kuru Fasulye / Mevsim Türlü | Şehriyeli Pirinç Pilavı | Mevsim Salata | Yoğurt,5,https://kykyemek.com/
2025-12-13,Cumartesi,Kahvaltı,Sucuklu Yumurta | Zeytinli / Peynirli Açma | Beyaz Peynir | Siyah/ Yeşil Zeytin | Mevsim Sebzeleri Söğüş,5,https://kykyemek.com/
2025-12-13,Cumartesi,Akşam,Mercimek Çorba / Kremalı Sebze Çorba | İzmir Köfte / Lahana Sarma | Spagetti Napoliten | Haydari,4,https://kykyemek.com/
2025-12-14,Pazar,Kahvaltı,Patates Kızartması | Haşlanmış Yumurta | Kaşar Peynir | Siyah/ Yeşil Zeytin | Tahinli Pekmez,5,https://kykyemek.com/
2025-12-14,Pazar,Akşam,Şehriye Çorba / Toyga Çorba | Tavuk Izgara+Sebze Sote / Taze Fasulye Yemeği | Tereyağlı pirinç pilavı | Çikolatalı Yaş Pasta,4,https://kykyemek.com/
2025-12-15,Pazartesi,Kahvaltı,Kaşarlı Omlet | Sade Poğaça | Beyaz Peynir | Siyah/ Yeşil Zeytin | Bal+Tereyağ,5,https://kykyemek.com/
2025-12-15,Pazartesi,Akşam,Domates Çorba / Yayla Çorba | Et Sote+Patates Püresi / Patlıcan Yemeği | Salçalı Bugur Pilavı | Kuru Cacık,4,https://kykyemek.com/
2025-12-16,Salı,Kahvaltı,Karışık Kızartma | Haşlanmış Yumurta | Kaşar Peyniri | Siyah/ Yeşil Zeytin | Reçel Çeşitleri,5,https://kykyemek.com/
2025-12-16,Salı,Akşam,Mercimek Çorba / Yüksük Çorba | Balık Çeşitleri+Fırın Sebze / Halep Dolma+Yoğurt | İrmik Helvası | Yeşil Salata,4,https://kykyemek.com/
2025-12-17,Çarşamba,Kahvaltı,Sade Omlet | Peynirli Milföy Böreği | Yöresel Peynir | Siyah/ Yeşil Zeytin | Mevsim Sebzeleri Söğüş,5,https://kykyemek.com/
2025-12-17,Çarşamba,Akşam,"Tarhana Çorba / Tutmaç Çorba | Hamburger(80-100 Gr Hamburger Ekmeği İçerisinde Domates, Marul, Kornişon Turşu İle) / Mücver | Domates Soslu Makarna | Ayran",4,https://kykyemek.com/
2025-12-18,Perşembe,Kahvaltı,Sosis Kokteyl(Salçalı veya Kızartma) | Haşlanmış Yumurta | Beyaz Peynir | Siyah/ Yeşil Zeytin | Mandalina,5,https://kykyemek.com/
2025-12-18,Perşembe,Akşam,Ezogelin Çorba / Terbiyeli Şehriye Çorba | Tavuk Fajita+Elma Dilim Patates / Barbunya Yemeği | Zerdeçallı Pirinç Pilavı | Triliçe,4,https://kykyemek.com/
2025-12-19,Cuma,Kahvaltı,Peynirli Omlet | Sade Kek | Kaşar Peyniri | Siyah/ Yeşil Zeytin | Sürülebilir Çikolata,5,https://kykyemek.com/
2025-12-19,Cuma,Akşam,Mercimek Çorba / Mısır Çorba | Orman Kebabı / Taze Fasulye Yemeği | Şehriyeli Pirinç Pilavı | Mevsim Salata,4,https://kykyemek.com/
2025-12-20,Cumartesi,Kahvaltı,Patates Kızartması | Haşlanmış Yumurta | Beyaz Peynir | Siyah/ Yeşil Zeytin | Mevsim Sebzeleri Söğüş,5,https://kykyemek.com/
2025-12-20,Cumartesi,Akşam,Domates Çorba / Yoğurtlu Yarma Çorba | Kremalı Mantarlı Tavuk / Karnabahar Pane+Yoğurt | Penne Napoliten | Çiğ Köfte+Marul,4,https://kykyemek.com/
2025-12-21,Pazar,Kahvaltı,Menemen | Simit | Labne Peynir | Siyah/ Yeşil Zeytin | Tahinli Pekmez,5,https://kykyemek.com/
2025-12-21,Pazar,Akşam,Tarhana Çorba / Etli Düğün Çorbası | Etsiz Nohut Yemeği / Kaşarlı Patates Graten | Tereyağlı pirinç pilavı | Cevizli Baklava / Kadayıf,4,https://kykyemek.com/
2025-12-22,Pazartesi,Kahvaltı,Zeytinli / Peynirli Açma | Haşlanmış Yumurta | Kaşar Peyniri | Siyah/ Yeşil Zeytin | Bal+Tereyağ,5,https://kykyemek.com/
2025-12-22,Pazartesi,Akşam,Ezogelin Çorba / Köz Biber Çorba | Tavuk Tantuni+Lavaş+Sumaklı Soğan Salatası / Ispanak Yemeği+Yoğurt | Salçalı Makarna | Muz,4,https://kykyemek.com/
2025-12-23,Salı,Kahvaltı,Sucuklu Yumurta | Dere Otlu Poğaça | Beyaz Peynir | Siyah/ Yeşil Zeytin | Mevsim Sebzeleri Söğüş,5,https://kykyemek.com/
2025-12-23,Salı,Akşam,Şehriye Çorba / Toyga Çorba | Hünkar Beğendi / Bezelye Yemeği | Tereyağlı pirinç pilavı | Mevsim Salata,4,https://kykyemek.com/
2025-12-24,Çarşamba,Kahvaltı,Patates Kızartması | Haşlanmış Yumurta | Yöresel Peynir | Siyah/ Yeşil Zeytin | Sürülebilir Çikolata,5,https://kykyemek.com/
2025-12-24,Çarşamba,Akşam,Mercimek Çorba / Brokoli Çorba | Tavuk Şiş+Fırında Sebze / Mantar Sote | Salçalı Bulgur Pilavı | Bisküvili Pasta,4,https://kykyemek.com/
2025-12-25,Perşembe,Kahvaltı,Kaşarlı Omlet | Sade Açma | Beyaz Peynir | Siyah/ Yeşil Zeytin | Helva,5,https://kykyemek.com/
2025-12-25,Perşembe,Akşam,Domates Çorba / Havuç Çorba | Kıymalı Patates Oturtma / Taze Fasulye Yemeği | Şehriyeli Pirinç Pilavı | Yoğurtlu Pancar Salatası,4,https://kykyemek.com/
2025-12-26,Cuma,Kahvaltı,Karışık Pizza | Haşlanmış Yumurta | Labne Peynir | Siyah/ Yeşil Zeytin | Reçel Çeşitleri,5,https://kykyemek.com/
2025-12-26,Cuma,Akşam,Tarhana Çorba / Yayla Çorba | Tavuk Çökertme / Pırasa Yemeği | Spagetti Napoliten | Mısırlı Havuçlu Aysberg Salata,4,https://kykyemek.com/
2025-12-27,Cumartesi,Kahvaltı,Peynirli Omlet | Simit | Kaşar Peynir | Siyah/ Yeşil Zeytin | Tahinli Pekmez,5,https://kykyemek.com/
2025-12-27,Cumartesi,Akşam,Şehriye Çorba / Etli Düğün Çorbası | Etsiz Kuru Fasulye / Mevsim Türlü | Tereyağlı pirinç pilavı | Kalburabastı | Turşu,5,https://kykyemek.com/
2025-12-28,Pazar,Kahvaltı,Patates Kızartması | Haşlanmış Yumurta | Beyaz Peynir | Siyah/ Yeşil Zeytin | Mevsim Sebzeleri Söğüş,5,https://kykyemek.com/
2025-12-28,Pazar,Akşam,Mercimek Çorba / Kremalı Sebze Çorba | Soslu Pideli Bursa Köfte / Karışık Dolma+Yoğurt | Tereyağlı Erişte | Ayran,4,https://kykyemek.com/
2025-12-29,Pazartesi,Kahvaltı,Sade Omlet | Çikolatalı Milföy Börek | Yöresel Peynir | Siyah/ Yeşil Zeytin | Muz,5,https://kykyemek.com/
2025-12-29,Pazartesi,Akşam,Domates Çorba / Anadolu Çorba | Tavuk Şinitzel+Patates Kızartması+Soğan Halkası / Mücver | Yoğurtlu Soslu Mantı | Kısır,4,https://kykyemek.com/
2025-12-30,Salı,Kahvaltı,Peynirli Börek | Haşlanmış Yumurta | Kaşar Peyniri | Siyah/ Yeşil Zeytin | Sürülebilir Çikolata,5,https://kykyemek.com/
2025-12-30,Salı,Akşam,Ezogelin Çorba / Kremalı Mantar Çorba | Macar Gulaş / Bamya Yemeği | Şehriyeli Pirinç Pilavı | Mevsim Salata,4,https://kykyemek.com/
2025-12-31,Çarşamba,Kahvaltı,Patatesli Yumurta | Simit | Beyaz Peynir | Siyah/ Yeşil Zeytin | Mevsim Sebzeleri Söğüş,5,https://kykyemek.com/
2025-12-31,Çarşamba,Akşam,Mercimek Çorba / Yüksük Çorba | Çıtır Tavuk+Patates Kızartması / Soslu Karışık Kızartma | Tereyağlı pirinç pilavı | Kadayıflı Muhallebi,4,https://kykyemek.com/
